time,elastic,external,fracture,mobility,plastic,plastic_strain,stress,total_strain
0.1,343975.50146965,343963.2523626,0,25.875,0,0,6.8797190688834,0.00010000499999996
0.2,1375804.0377357,1375779.5324084,0,25.875,0,0,13.758876406772,0.00020002000000019
0.3,3095338.6590355,3095301.9133747,0,25.875,0,0,20.637472210089,0.00030004500000014
0.4,5502432.4944769,5502383.5231467,0,25.875,0,0,27.515506675533,0.00040007999999991
0.5,8596938.7522766,8596877.5442461,0,25.875,0,0,34.392979999637,0.00050012499999996
0.6,12378710.654572,12378637.213793,0,25.875,0,0,41.269892378678,0.00060017999999995
0.7,16847601.485374,16847515.823477,0,25.875,0,0,48.146244008907,0.00070024499999988
0.8,22003464.592322,22003366.719537,0,25.875,0,0,55.022035086583,0.00080031999999997
0.9,27846153.400142,27846043.302735,0,25.875,0,0,61.897265807749,0.0009004050000001
1,34375521.349464,34375399.028322,0,25.875,0,0,68.771936368316,0.0010004999999998
1.1,41591421.938807,41591287.406019,0,25.875,0,0,75.646046964262,0.0011006050000001
1.2,49493708.740009,49493561.99999,0,25.875,0,0,82.519597791284,0.00120072
1.3,58082235.338821,58082076.428806,0,25.875,0,0,89.392589045056,0.0013008449999996
1.4,67356855.493789,67356684.365444,0,25.875,0,0,96.265020921483,0.0014009800000001
1.5,77317422.860601,77317239.537243,0,25.875,0,0,103.13689361573,0.0015011250000001
1.6,87963791.221836,87963595.725865,0,25.875,0,0,110.00820732331,0.00160128
1.7,99295814.452343,99295606.767296,0,25.875,0,0,116.8789622396,0.001701445
1.8,111313346.41609,111313126.5518,0,25.875,0,0,123.74915855968,0.0018016200000001
1.9,124016241.05795,124016009.0239,0,25.875,0,0,130.61879647884,0.001901805
2,137404352.37885,137404108.18235,0,25.875,0,0,137.48787619202,0.0020019999999999
2.1,151477534.43752,151477278.08013,0,25.875,0,0,144.35639789416,0.002102205
2.2,166235641.35253,166235372.82437,0,25.875,0,0,151.22436178008,0.0022024199999999
2.3,181678527.24888,181678246.57638,0,25.875,0,0,158.09176804461,0.002302645
2.4,197806046.37625,197805753.55159,0,25.875,0,0,164.95861688225,0.0024028799999996
2.5,214618052.96782,214617748.01952,0,25.875,0,0,171.82490848773,0.0025031249999999
2.6,232114401.39667,232114084.30378,0,25.875,0,0,178.69064305547,0.0026033799999999
2.7,250294945.99256,250294616.78205,0,25.875,0,0,185.55582077975,0.002703645
2.8,269159541.22549,269159199.88599,0,25.875,0,0,192.42044185486,0.0028039199999997
2.9,288708041.56012,288707688.1013,0,25.875,0,0,199.28450647504,0.0029042049999999
3,308940301.54183,308939935.96762,0,25.875,0,0,206.14801483432,0.0030044999999999
3.1,329856175.77039,329855798.07855,0,25.875,0,0,213.01096712673,0.0031048050000001
3.2,351455518.8783,351455129.08163,0,25.875,0,0,219.8733635461,0.0032051200000001
3.3,373738185.58867,373737783.67826,0,25.875,0,0,226.7352042863,0.0033054450000001
3.4,396704030.64415,396703616.62374,0,25.875,0,0,233.59648954101,0.00340578
3.5,420352908.84519,420352482.7272,0,25.875,0,0,240.45721950388,0.0035061250000002
3.6,444684675.05601,444684236.85158,0,25.875,0,0,247.31739436838,0.0036064800000003
3.7,469699184.19656,469698733.91362,0,25.875,0,0,254.17701432785,0.0037068450000003
3.8,495396291.26217,495395828.88382,0,25.875,0,0,261.03607957569,0.00380722
3.9,521775851.24481,521775376.78643,0,25.875,0,0,267.89459030526,0.0039076050000002
4,548837719.24367,548837232.69941,0,25.875,0,0,274.75254670947,0.0040079999999998
4.1,576581750.35889,576581251.75441,0,25.875,0,0,281.60994898162,0.004108405
4.2,605007799.80172,605007289.13673,0,25.875,0,0,288.46679731446,0.00420882
4.3,634115722.79746,634115200.08532,0,25.875,0,0,295.32309190095,0.004309245
4.4,663905374.65201,663904839.89274,0,25.875,0,0,302.17883293379,0.00440968
4.5,694376610.70646,694376063.90513,0,25.875,0,0,309.03402060574,0.0045101249999999
4.6,725529286.37477,725528727.5222,0,25.875,0,0,315.88865510934,0.0046105799999999
4.7,742343970.71486,757202158.37975,0,25.28237703519,15005207.180157,4.6888908975472e-05,319.52730861837,0.0047110449999997
4.8,742659434.94883,789057475.47464,0,24.119307532065,46676737.913941,0.00014584194086897,319.59517370176,0.00481152
4.9,742974914.44983,820916397.18826,0,23.065915200437,78351879.982335,0.00024478521116022,319.6630320448,0.0049120049999999
5,743290429.63389,852778922.13501,0,22.111848188042,110030632.01137,0.00034371872178386,319.73088364893,0.0050125000000001
5.1,743605980.48688,884645048.92983,0,21.24773257925,141712992.62759,0.00044264247467381,319.79872851533,0.0051130050000001
5.2,743921566.99642,916514776.18821,0,20.465079926589,173398960.45766,0.00054155647176218,319.86656664551,0.0052135200000001
5.3,744237189.15047,948388102.5262,0,19.756203533406,205088534.1293,0.00064046071498207,319.93439804077,0.0053140450000001
5.4,744552846.92898,980265026.56039,0,19.11414265882,236781712.27055,0.00073935520626536,320.0022227024,0.0054145799999998
5.5,744868540.32179,1012145546.9079,0,18.532593894499,268478493.51015,0.00083823994754385,320.07004063185,0.0055151250000001
5.6,745184269.32603,1044029662.1864,0,18.005849034124,300178876.47712,0.00093711494074792,320.13785183035,0.0056156800000001
5.7,745500033.91421,1075917371.0141,0,17.528738820622,331882859.80122,0.0010359801878081,320.20565629925,0.0057162450000001
5.8,745815834.07784,1107808672.0098,0,17.096582014672,363590442.11257,0.0011348356906536,320.27345403991,0.0058168200000001
5.9,746131669.80575,1139703563.7928,0,16.705139280617,395301622.04215,0.0012336814512144,320.34124505362,0.005917405
6,746447541.07144,1171602044.983,0,16.350571433755,427016398.22099,0.0013325174714181,320.40902934187,0.006018
6.1,746763447.87342,1203504114.2006,0,16.0294016361,458734769.28116,0.0014313437531933,320.47680690579,0.0061186049999999
6.2,747079390.20297,1235409770.0668,0,15.738481166925,490456733.8549,0.0015301602984671,320.54457774686,0.0062192200000002
6.3,747395368.03192,1267319011.2029,0,15.474958429725,522182290.57507,0.0016289671091662,320.61234186628,0.0063198449999998
6.4,747711381.36077,1299231836.2311,0,15.236250889338,553911438.07305,0.0017277641872102,320.68009926695,0.00642048
6.5,748027430.16368,1331148243.7738,0,15.020019661854,585644174.98922,0.0018265515345448,320.747849946,0.0065211250000001
6.6,748343514.42872,1363068232.454,0,14.824146506615,617380499.95175,0.0019253291530754,320.81559390875,0.0066217799999999
6.7,748659634.15071,1394991800.8956,0,14.646712992541,649120411.59779,0.0020240970447331,320.88333115535,0.0067224450000001
6.8,748975789.30404,1426918947.7227,0,14.485981633587,680863908.56288,0.0021228552114416,320.95106168695,0.0068231199999997
6.9,749291979.89201,1458849671.56,0,14.340378806772,712610989.48314,0.0022216036551243,321.01878550511,0.0069238049999999
7,749608205.88454,1490783971.0329,0,14.208479284285,744361652.99527,0.0023203423777042,321.08650261102,0.0070245
7.1,749924467.27891,1522721844.767,0,14.088992226994,776115897.73548,0.0024190713811005,321.15421300655,0.0071252049999999
7.2,750240764.05387,1554663291.3889,0,13.980748501156,807873722.34439,0.0025177906672438,321.22191669137,0.0072259200000001
7.3,750557096.19798,1586608309.5253,0,13.882689193258,839635125.45727,0.0026165002380461,321.28961366851,0.007326645
7.4,750873463.70272,1618556897.8037,0,13.79385520962,871400105.71391,0.0027152000954309,321.3573039388,0.0074273800000001
7.5,751189866.54669,1650509054.852,0,13.713377858294,903168661.75371,0.0028138902413184,321.42498750343,0.0075281249999999
7.6,751506304.72021,1682464779.2989,0,13.640470320367,934940792.21636,0.0029125706776275,321.49266436391,0.00762888
7.7,751822778.21295,1714424069.7734,0,13.574419926594,966716495.74029,0.0030112414062711,321.56033452272,0.0077296449999999
7.8,752139287.00328,1746386924.905,0,13.514581163248,998495770.97173,0.0031099024291837,321.62799797791,0.0078304199999999
7.9,752455831.07891,1778353343.3239,0,13.460369338327,1030278616.5482,0.0032085537482709,321.69565473329,0.0079312049999999
8,752772410.43576,1810323323.6608,0,13.411254845615,1062065031.1123,0.0033071953654516,321.7633047898,0.008032
8.1,753089025.05679,1842296864.5467,0,13.366757970211,1093855013.3061,0.0034058272826415,321.83094814891,0.0081328049999999
8.2,753405674.92302,1874273964.6136,0,13.326444184306,1125648561.7732,0.0035044495017575,321.89858481177,0.0082336199999999
8.3,753722360.02454,1906254622.4937,0,13.289919886929,1157445675.155,0.0036030620247091,321.96621478088,0.0083344449999999
8.4,754039080.34804,1938238836.8199,0,13.256828545693,1189246352.1017,0.0037016648534292,322.03383805395,0.0084352799999998
8.5,754355835.87432,1970226606.2254,0,13.22684720263,1221050591.2499,0.0038002579898075,322.10145463728,0.008536125
8.6,754672626.59798,2002217929.3442,0,13.199683309638,1252858391.2529,0.0038988414357834,322.16906452695,0.0086369799999998
8.7,754989452.50261,2034212804.8107,0,13.175071862525,1284669750.7494,0.0039974151932476,322.23666772888,0.0087378449999999
8.8,755306313.56878,2066211231.2599,0,13.152772805347,1316484668.3893,0.0040959792641245,322.30426424191,0.0088387199999998
8.9,755623209.79466,2098213207.3273,0,13.13256867961,1348303142.8194,0.0041945336503262,322.37185406745,0.0089396049999998
9,755940141.15542,2130218731.6489,0,13.114262495159,1380125172.6854,0.0042930783537589,322.43943720782,0.0090404999999998
9.1,756257107.64773,2162227802.8613,0,13.097675801862,1411950756.635,0.0043916133763335,322.50701366434,0.0091414049999997
9.2,756574109.24794,2194240419.6016,0,13.082646943111,1443779893.3189,0.0044901387199678,322.57458343686,0.0092423199999998
9.3,756891145.95129,2226256580.5075,0,13.069029474008,1475612581.3838,0.0045886543865642,322.64214652817,0.009343245
9.4,757208217.73597,2258276284.2172,0,13.056690728668,1507448819.4797,0.0046871603780338,322.70970293911,0.00944418
9.5,757525324.59616,2290299529.3693,0,13.045510522585,1539288606.2565,0.0047856566962856,322.77725267098,0.0095451249999999
9.6,757842466.51803,2322326314.6032,0,13.035379977312,1571131940.3648,0.0048841433432279,322.84479572511,0.0096460799999999
9.7,758159643.48205,2354356638.5586,0,13.026200455912,1602978820.4554,0.0049826203207676,322.91233210286,0.0097470449999999
9.8,758476855.47687,2386390499.8759,0,13.017882598741,1634829245.18,0.0050810876308122,322.97986180544,0.0098480199999998
9.9,758794102.49298,2418427897.1959,0,13.010345450084,1666683213.1905,0.0051795452752673,323.04738483436,0.009949005
10,759111384.51186,2450468829.16,0,13.003515667088,1698540723.1389,0.0052779932560374,323.11490119116,0.01005
10.1,759428701.52574,2482513294.4101,0,12.997326803223,1730401773.6801,0.0053764315750332,323.18241087602,0.010151005
10.2,759746053.51445,2514561291.5887,0,12.991718659253,1762266363.4658,0.0054748602341535,323.24991389152,0.01025202
10.3,760063440.46838,2546612819.3388,0,12.986636695329,1794134491.151,0.0055732792353045,323.31741023846,0.010353045
10.4,760380862.37224,2578667876.3038,0,12.982031498472,1826006155.3901,0.0056716885803896,323.38489991826,0.01045408
10.5,760698319.21722,2610726461.1279,0,12.977858300202,1857881354.8382,0.0057700882713114,323.45238293222,0.010555125
10.6,761015810.98527,2642788572.4557,0,12.974076539589,1889760088.1515,0.0058684783099731,323.51985928162,0.01065618
10.7,761333337.66312,2674854208.9322,0,12.970649467453,1921642353.9835,0.005966858698269,323.58732896915,0.010757245
10.8,761650899.24075,2706923369.2032,0,12.967543787832,1953528150.9969,0.006065229438118,323.65479199268,0.01085832
10.9,761968495.69833,2738996051.9147,0,12.964729333198,1985417477.8451,0.0061635905314091,323.72224835585,0.010959405
11,762286127.03332,2771072255.7135,0,12.962178770249,2017310333.1854,0.0062619419800407,323.7896980603,0.0110605
11.1,762603793.2261,2803151979.2469,0,12.9598673334,2049206715.6762,0.006360283785913,323.85714110724,0.011161605
11.2,762921494.25452,2835235221.1626,0,12.957772583345,2081106623.9788,0.0064586159509321,323.92457749661,0.01126272
11.3,763239230.11779,2867321980.1088,0,12.955874188356,2113010056.7502,0.006556938476989,323.99200723109,0.011363845
11.4,763557000.79825,2899412254.7346,0,12.954153726147,2144917012.6507,0.0066552513659831,324.05943031187,0.01146498
11.5,763874806.28614,2931506043.6891,0,12.952594504395,2176827490.3412,0.0067535546198134,324.12684673979,0.011566125
11.6,764192646.56255,2963603345.6224,0,12.951181398132,2208741488.4834,0.0068518482403783,324.19425651591,0.01166728
11.7,764510521.61879,2995704159.1848,0,12.949900702453,2240659005.7373,0.00695013222957,324.26165964221,0.011768445
11.8,764828431.43432,3027808483.0273,0,12.948739999059,2272580040.7655,0.0070484065892858,324.32905611989,0.01186962
11.9,765146375.99528,3059916315.8013,0,12.947688035367,2304504592.2306,0.0071466713214211,324.39644595002,0.011970805
12,765464355.30225,3092027656.159,0,12.946734614987,2336432658.7936,0.0072449264278638,324.46382913539,0.012072
12.1,765782369.33175,3124142502.7528,0,12.94587049849,2368364239.1239,0.0073431719105266,324.53120567336,0.012173205
12.2,766100418.0673,3156260854.2357,0,12.945087313519,2400299331.8799,0.0074414077712847,324.59857556908,0.01227442
12.3,766418501.50571,3188382709.2615,0,12.944377473344,2432237935.7271,0.0075396340120342,324.66593882312,0.012375645
12.4,766736619.62603,3220508066.4841,0,12.943734103074,2464180049.3332,0.0076378506346748,324.73329543531,0.01247688
12.5,767054772.41651,3252636924.5583,0,12.943150972809,2496125671.3613,0.0077360576410909,324.80064540842,0.012578125
12.6,767372959.86018,3284769282.1392,0,12.942622437074,2528074800.4786,0.0078342550331763,324.86798874325,0.01267938
12.7,767691181.95022,3316905137.8825,0,12.942143379944,2560027435.3507,0.0079324428128189,324.93532544162,0.012780645
12.8,768009438.67434,3349044490.4445,0,12.941709165326,2591983574.6467,0.008030620981914,325.00265550386,0.01288192
12.9,768327730.00866,3381187338.4819,0,12.941315591916,2623943217.0341,0.0081287895423508,325.0699789313,0.012983205
13,768646055.95192,3413333680.652,0,12.940958852387,2655906361.1796,0.0082269484960133,325.1372957262,0.0130845
13.1,768964416.48741,3445483515.6126,0,12.940635496407,2687873005.752,0.0083250978447902,325.20460588985,0.013185805
13.2,769282811.59769,3477636842.0221,0,12.94034239714,2719843149.4221,0.0084232375905737,325.27190942266,0.01328712
13.3,769601241.27029,3509793658.5393,0,12.940076720882,2751816790.8589,0.0085213677352489,325.33920632634,0.013388445
13.4,769919705.49798,3541953963.8235,0,12.939835899564,2783793928.733,0.0086194882807029,325.40649660216,0.01348978
13.5,770238204.25731,3574117756.5347,0,12.939617605822,2815774561.7158,0.008717599228824,325.4737802511,0.013591125
13.6,770556737.54391,3606285035.3333,0,12.939419730417,2847758688.477,0.0088157005814924,325.54105727531,0.01369248
13.7,770875305.34304,3638455798.8803,0,12.939240361777,2879746307.6894,0.0089137923405962,325.60832767564,0.013793845
13.8,771193907.63961,3670630045.8372,0,12.939077767451,2911737418.0252,0.0090118745080195,325.67559145341,0.01389522
13.9,771512544.41828,3702807774.866,0,12.938930377312,2943732018.1576,0.0091099470856463,325.74284860994,0.013996605
14,771831215.66904,3734988984.6291,0,12.938796768337,2975730106.7598,0.0092080100753604,325.81009914649,0.014098
14.1,772149921.37602,3767173673.7897,0,12.938675650805,3007731682.5059,0.0093060634790442,325.87734306438,0.014199405
14.2,772468661.53397,3799361841.0114,0,12.938565855807,3039736744.0681,0.0094041072985734,325.94458036623,0.01430082
14.3,772787436.11189,3831553484.9582,0,12.938466323914,3071745290.1277,0.0095021415358491,326.01181104938,0.014402245
14.4,773106245.11851,3863748604.2947,0,12.938376094916,3103757319.354,0.0096001661927334,326.07903511915,0.01450368
14.5,773425088.53069,3895947197.6861,0,12.938294298518,3135772830.4249,0.009698181271113,326.1462525755,0.014605125
14.6,773743966.33213,3928149263.7981,0,12.938220145919,3167791822.0172,0.0097961867728682,326.21346341964,0.01470658
14.7,774062878.50798,3960354801.2969,0,12.938152922167,3199814292.8072,0.0098941826998765,326.28066765339,0.014808045
14.8,774381825.05853,3992563808.8491,0,12.938091979245,3231840241.4741,0.0099921690540221,326.34786527685,0.01490952
14.9,774700805.95536,4024776285.122,0,12.938036729794,3263869666.6944,0.010090145837178,326.41505629242,0.015011005
15,775019821.19227,4056992228.7834,0,12.937986641434,3295902567.1472,0.010188113051225,326.48224070106,0.0151125
15.1,775338870.75243,4089211638.5015,0,12.93794123161,3327938941.5107,0.010286070698035,326.54941850462,0.015214005
15.2,775657954.6259,4121434512.9451,0,12.937900062926,3359978788.4671,0.010384018779496,326.61658970279,0.01531552
15.3,775977072.79729,4153660850.7835,0,12.937862738914,3392022106.694,0.010481957297474,326.68375429847,0.015417045
15.4,776296225.2667,4185890650.6867,0,12.937828900205,3424068894.8722,0.010579886253845,326.75091229275,0.01551858
15.5,776615411.99832,4218123911.3248,0,12.937798221047,3456119151.6848,0.010677805650492,326.81806368586,0.015620125
15.6,776934632.99173,4250360631.3689,0,12.937770406164,3488172875.8115,0.010775715489282,326.88520848021,0.01572168
15.7,777253888.23085,4282600809.4903,0,12.9377451879,3520230065.9351,0.010873615772091,326.95234667676,0.015823245
15.8,777573177.70411,4314844444.3608,0,12.937722323633,3552290720.7384,0.010971506500793,327.01947827674,0.01592482
15.9,777892501.40357,4347091534.6531,0,12.937701593431,3584354838.9045,0.011069387677261,327.08660328146,0.016026405
16,778211859.30727,4379342079.0399,0,12.937682797928,3616422419.1163,0.011167259303364,327.15372169274,0.016128
16.1,778531251.39871,4411596076.1948,0,12.937665756401,3648493460.0605,0.011265121380981,327.22083351041,0.016229605
16.2,778850677.68008,4443853524.7918,0,12.937650305023,3680567960.4194,0.011362973911977,327.2879387372,0.01633122
16.3,779170138.12484,4476114423.5053,0,12.937636295283,3712645918.8789,0.011460816898224,327.35503737396,0.016432845
16.4,779489632.72736,4508378771.0105,0,12.937623592552,3744727334.125,0.011558650341593,327.42212942198,0.01653448
16.5,779809161.46659,4540646565.9828,0,12.937612074786,3776812204.844,0.011656474243952,327.48921488247,0.016636125
16.6,780201879.80132,4572917791.7693,74828.214286471,12.937601677397,3808751904.9334,0.011753835602689,327.55593231163,0.01673778
16.7,780908083.63629,4605192366.0677,470044.73715412,12.937592424639,3840058249.6846,0.011849247026049,327.62109487598,0.016839445
16.8,793045664.64423,4637386470.7512,20518587.3047,12.937592424639,3840058249.6846,0.011849247026049,325.97530776385,0.01694112
16.9,805430807.46612,4669424514.0364,40171254.926105,12.937592424639,3840058249.6846,0.011849247026049,324.49498240959,0.017042805
17,817697003.32031,4701315207.7739,59795521.114901,12.937592424639,3840058249.6846,0.011849247026049,323.02566605626,0.0171445
17.1,829845605.69024,4733059650.0253,79391130.393095,12.937592424639,3840058249.6846,0.011849247026049,321.56724763674,0.017246205
17.2,841877939.82388,4764658927.583,98957844.347539,12.937592424639,3840058249.6846,0.011849247026049,320.11961374044,0.01734792
17.3,853795326.23301,4796114116.1852,118495418.23158,12.937592424639,3840058249.6846,0.011849247026049,318.68265760716,0.017449645
17.4,865599057.6868,4827426280.7288,138003624.12519,12.937592424639,3840058249.6846,0.011849247026049,317.25627008248,0.01755138
17.5,877290411.12002,4858596475.2579,157482239.12267,12.937592424639,3840058249.6846,0.011849247026049,315.84034412548,0.017653125
17.6,888870645.60127,4889625743.1299,176931047.51727,12.937592424639,3840058249.6846,0.011849247026049,314.43477389364,0.01775488
17.7,900341002.56696,4920515117.136,196349840.63895,12.937592424639,3840058249.6846,0.011849247026049,313.03945473751,0.017856645
17.8,911702706.11591,4951265619.6205,215738416.72917,12.937592424639,3840058249.6846,0.011849247026049,311.65428318283,0.01795842
17.9,922956963.28617,4981878262.5993,235096580.76226,12.937592424639,3840058249.6846,0.011849247026049,310.27915693214,0.018060205
18,934104964.27925,5012354047.8775,254424144.34059,12.937592424639,3840058249.6846,0.011849247026049,308.91397484139,0.018162
18.1,945147882.73769,5042693967.1655,273720925.5091,12.937592424639,3840058249.6846,0.011849247026049,307.5586369248,0.018263805
18.2,956086875.99346,5072899002.1943,292986748.66404,12.937592424639,3840058249.6846,0.011849247026049,306.21304432881,0.01836562
18.3,966923085.33233,5102970124.8303,312221444.37302,12.937592424639,3840058249.6846,0.011849247026049,304.87709933602,0.018467445
18.4,977657636.2207,5132908297.1879,331424849.28333,12.937592424639,3840058249.6846,0.011849247026049,303.55070534097,0.01856928
18.5,988291638.56749,5162714471.7417,350596805.95197,12.937592424639,3840058249.6846,0.011849247026049,302.23376685202,0.018671125
18.6,998826186.94047,5192389591.4377,369737162.74695,12.937592424639,3840058249.6846,0.011849247026049,300.92618947095,0.01877298
18.7,1009262360.8296,5221934589.8034,388845773.69841,12.937592424639,3840058249.6846,0.011849247026049,299.62787988915,0.018874845
18.8,1019601224.8517,5251350391.0561,407922498.39436,12.937592424639,3840058249.6846,0.011849247026049,298.33874587074,0.01897672
18.9,1029843829.0361,5280637910.2113,426967201.8212,12.937592424639,3840058249.6846,0.011849247026049,297.05869625257,0.019078605
19,1039991208.9674,5309798053.1889,445979754.30472,12.937592424639,3840058249.6846,0.011849247026049,295.78764091561,0.0191805
19.1,1050044386.0707,5338831716.9189,464960031.33417,12.937592424639,3840058249.6846,0.011849247026049,294.52549079132,0.019282405
19.2,1060004367.8222,5367739789.446,483907913.47564,12.937592424639,3840058249.6846,0.011849247026049,293.27215784177,0.01938432
19.3,1069872147.9644,5396523150.0326,502823286.24603,12.937592424639,3840058249.6846,0.011849247026049,292.02755505278,0.019486245
19.4,1079648706.6962,5425182669.2616,521706040.01907,12.937592424639,3840058249.6846,0.011849247026049,290.79159641804,0.01958818
19.5,1089335010.9069,5453719209.137,540556069.89326,12.937592424639,3840058249.6846,0.011849247026049,289.5641969346,0.019690125
19.6,1098932014.4016,5482133623.1846,559373275.59526,12.937592424639,3840058249.6846,0.011849247026049,288.34527258906,0.01979208
19.7,1108440658.0425,5510426756.5502,578157561.39445,12.937592424639,3840058249.6846,0.011849247026049,287.1347403416,0.019894045
19.8,1117861870.0245,5538599446.0981,596908835.94819,12.937592424639,3840058249.6846,0.011849247026049,285.93251812876,0.01999602
19.9,1127196566.0188,5566652520.5076,615627012.2651,12.937592424639,3840058249.6846,0.011849247026049,284.73852483586,0.020098005
20,1136445649.3887,5594586800.3687,634312007.55573,12.937592424639,3840058249.6846,0.011849247026049,283.5526802994,0.0202
20.1,1145610011.4009,5622403098.277,652963743.15267,12.937592424639,3840058249.6846,0.011849247026049,282.37490529177,0.020302005
20.2,1154690531.3599,5650102218.9268,671582144.42734,12.937592424639,3840058249.6846,0.011849247026049,281.20512150772,0.02040402
20.3,1163688076.8581,5677684959.2039,690167140.6714,12.937592424639,3840058249.6846,0.011849247026049,280.04325155995,0.020506045
20.4,1172603503.9205,5705152108.277,708718665.0252,12.937592424639,3840058249.6846,0.011849247026049,278.88921896379,0.02060808
20.5,1181437657.1783,5732504447.688,727236654.39037,12.937592424639,3840058249.6846,0.011849247026049,277.74294812613,0.020710125
20.6,1190191370.0679,5759742751.4409,745721049.32285,12.937592424639,3840058249.6846,0.011849247026049,276.60436433973,0.02081218
20.7,1198865465.0142,5786867786.0908,764171793.95064,12.937592424639,3840058249.6846,0.011849247026049,275.47339377169,0.020914245
20.8,1207460753.5628,5813880310.8307,782588835.91483,12.937592424639,3840058249.6846,0.011849247026049,274.34996344755,0.02101632
20.9,1215978036.5836,5840781077.5774,800972126.25533,12.937592424639,3840058249.6846,0.011849247026049,273.2340012482,0.021118405
21,1224418104.4271,5867570831.0574,819321619.33619,12.937592424639,3840058249.6846,0.011849247026049,272.12543589839,0.0212205
21.1,1232781737.0786,5894250308.8903,837637272.79017,12.937592424639,3840058249.6846,0.011849247026049,271.02419695126,0.021322605
21.2,1241069704.3299,5920820241.6723,855919047.41061,12.937592424639,3840058249.6846,0.011849247026049,269.93021478525,0.02142472
21.3,1249282765.9372,5947281353.0583,874166907.09892,12.937592424639,3840058249.6846,0.011849247026049,268.84342058903,0.021526845
21.4,1257421671.7721,5973634359.8427,892380818.76672,12.937592424639,3840058249.6846,0.011849247026049,267.76374635665,0.02162898
21.5,1265487161.9608,5999879972.0401,910560752.29224,12.937592424639,3840058249.6846,0.011849247026049,266.69112487164,0.021731125
21.6,1273479967.0818,6026018892.964,928706680.40756,12.937592424639,3840058249.6846,0.011849247026049,265.6254897061,0.02183328
21.7,1281400808.2545,6052051819.3052,946818578.67804,12.937592424639,3840058249.6846,0.011849247026049,264.56677520071,0.021935445
21.8,1289250397.322,6077979441.2091,964896425.3955,12.937592424639,3840058249.6846,0.011849247026049,263.51491646331,0.02203762
21.9,1297029436.9838,6103802442.3518,982940201.53886,12.937592424639,3840058249.6846,0.011849247026049,262.46984935393,0.022139805
22,1304738620.9374,6129521500.0153,1000949890.6773,12.937592424639,3840058249.6846,0.011849247026049,261.43151048164,0.022242
22.1,1312378634.0192,6155137285.1625,1018925478.935,12.937592424639,3840058249.6846,0.011849247026049,260.39983718971,0.022344205
22.2,1319950152.3379,6180650462.5101,1036866954.9155,12.937592424639,3840058249.6846,0.011849247026049,259.37476754894,0.02244642
22.3,1327453843.4035,6206061690.6012,1054774309.6456,12.937592424639,3840058249.6846,0.011849247026049,258.35624034762,0.022548645
22.4,1334890366.2696,6231371621.8775,1072647536.5017,12.937592424639,3840058249.6846,0.011849247026049,257.34419508519,0.02265088
22.5,1342260371.6645,6256580902.7493,1090486631.17,12.937592424639,3840058249.6846,0.011849247026049,256.3385719598,0.022753125
22.6,1349564502.0954,6281690173.6661,1108291591.5803,12.937592424639,3840058249.6846,0.011849247026049,255.33931186116,0.02285538
22.7,1356803392.0044,6306700069.1849,1126062417.8434,12.937592424639,3840058249.6846,0.011849247026049,254.34635636296,0.022957645
22.8,1363977667.8767,6331611218.0389,1143799112.2036,12.937592424639,3840058249.6846,0.011849247026049,253.35964771306,0.02305992
22.9,1371087948.3522,6356424243.2046,1161501678.9885,12.937592424639,3840058249.6846,0.011849247026049,252.37912882413,0.023162205
23,1378134844.3695,6381139761.968,1179170124.5433,12.937592424639,3840058249.6846,0.011849247026049,251.40474326784,0.0232645
23.1,1385118959.2597,6405758385.9905,1196804457.1952,12.937592424639,3840058249.6846,0.011849247026049,250.43643526348,0.023366805
23.2,1392040888.8702,6430280721.3733,1214404687.1856,12.937592424639,3840058249.6846,0.011849247026049,249.47414967295,0.02346912
23.3,1398901221.6784,6454707368.7217,1231970826.6376,12.937592424639,3840058249.6846,0.011849247026049,248.51783198969,0.023571445
23.4,1405700538.9084,6479038923.2079,1249502889.4945,12.937592424639,3840058249.6846,0.011849247026049,247.5674283329,0.02367378
23.5,1412439414.6354,6503275974.6337,1267000891.484,12.937592424639,3840058249.6846,0.011849247026049,246.62288543768,0.023776125
23.6,1419118415.8837,6527419107.4913,1284464850.063,12.937592424639,3840058249.6846,0.011849247026049,245.68415064876,0.02387848
23.7,1425738102.7476,6551468901.0249,1301894784.375,12.937592424639,3840058249.6846,0.011849247026049,244.75117191231,0.023980845
23.8,1432299028.4952,6575425929.29,1319290715.2053,12.937592424639,3840058249.6846,0.011849247026049,243.82389776833,0.02408322
23.9,1438801739.6568,6599290761.213,1336652664.9449,12.937592424639,3840058249.6846,0.011849247026049,242.90227734201,0.024185605
24,1445246776.1373,6623063960.6492,1353980657.5442,12.937592424639,3840058249.6846,0.011849247026049,241.98626033687,0.024288
24.1,1451634671.3073,6646746086.4409,1371274718.4626,12.937592424639,3840058249.6846,0.011849247026049,241.07579702892,0.024390405
24.2,1457965952.1161,6670337692.4741,1388534874.6361,12.937592424639,3840058249.6846,0.011849247026049,240.17083825806,0.02449282
24.3,1464241139.1652,6693839327.735,1405761154.4449,12.937592424639,3840058249.6846,0.011849247026049,239.2713354196,0.024595245
24.4,1470460746.815,6717251536.365,1422953587.6587,12.937592424639,3840058249.6846,0.011849247026049,238.37724045999,0.02469768
24.5,1476625283.2847,6740574857.7161,1440112205.41,12.937592424639,3840058249.6846,0.011849247026049,237.48850586782,0.024800125
24.6,1482735250.7203,6763809826.4044,1457237040.1649,12.937592424639,3840058249.6846,0.011849247026049,236.60508466568,0.02490258
24.7,1488791145.3087,6786956972.3641,1474328125.6656,12.937592424639,3840058249.6846,0.011849247026049,235.72693040677,0.025005045
24.8,1494793457.3514,6810016820.8993,1491385496.9112,12.937592424639,3840058249.6846,0.011849247026049,234.85399716567,0.02510752
24.9,1500742671.3515,6832989892.7371,1508409190.1192,12.937592424639,3840058249.6846,0.011849247026049,233.98623953208,0.025210005
25,1506639266.1031,6855876704.0782,1525399242.6906,12.937592424639,3840058249.6846,0.011849247026049,233.1236126046,0.0253125
25.1,1512483714.7786,6878677766.6479,1542355693.1775,12.937592424639,3840058249.6846,0.011849247026049,232.2660719841,0.025415005
25.2,1518276484.9924,6901393587.7459,1559278581.2535,12.937592424639,3840058249.6846,0.011849247026049,231.41357376676,0.02551752
25.3,1524018038.9109,6924024670.2962,1576167947.68,12.937592424639,3840058249.6846,0.011849247026049,230.56607453829,0.025620045
25.4,1529708833.3045,6946571512.8954,1593023834.2759,12.937592424639,3840058249.6846,0.011849247026049,229.7235313674,0.02572258
25.5,1535349319.6464,6969034609.8607,1609846283.8843,12.937592424639,3840058249.6846,0.011849247026049,228.88590180021,0.025825125
25.6,1540939944.1646,6991414451.2783,1626635340.3517,12.937592424639,3840058249.6846,0.011849247026049,228.05314385284,0.02592768
25.7,1546481147.9547,7013711523.0492,1643391048.486,12.937592424639,3840058249.6846,0.011849247026049,227.22521600736,0.026030245
25.8,1551973367.0177,7035926306.9365,1660113454.0421,12.937592424639,3840058249.6846,0.011849247026049,226.4020772038,0.02613282
25.9,1557417032.3483,7058059280.6103,1676802603.6919,12.937592424639,3840058249.6846,0.011849247026049,225.58368683474,0.026235405
26,1562812570.0161,7080110917.6934,1693458544.9851,12.937592424639,3840058249.6846,0.011849247026049,224.77000474123,0.026338
26.1,1568160401.2177,7102081687.8057,1710081326.3405,12.937592424639,3840058249.6846,0.011849247026049,223.9609912046,0.026440605
26.2,1573460942.3557,7123972056.6079,1726670997.01,12.937592424639,3840058249.6846,0.011849247026049,223.15660694233,0.02654322
26.3,1578714605.116,7145782485.8456,1743227607.054,12.937592424639,3840058249.6846,0.011849247026049,222.35681310242,0.026645845
26.4,1583921796.5172,7167513433.3912,1759751207.3212,12.937592424639,3840058249.6846,0.011849247026049,221.56157125725,0.02674848
26.5,1589082918.9863,7189165353.2872,1776241849.4221,12.937592424639,3840058249.6846,0.011849247026049,220.77084339864,0.026851125
26.6,1594198370.4219,7210738695.7872,1792699585.7047,12.937592424639,3840058249.6846,0.011849247026049,219.98459193249,0.02695378
26.7,1599268544.2695,7232233907.3978,1809124469.2356,12.937592424639,3840058249.6846,0.011849247026049,219.20277967316,0.027056445
26.8,1604293829.5529,7253651430.9186,1825516553.7742,12.937592424639,3840058249.6846,0.011849247026049,218.42536983857,0.02715912
26.9,1609274610.9769,7274991705.4832,1841875893.7518,12.937592424639,3840058249.6846,0.011849247026049,217.65232604509,0.027261805
27,1614211268.9666,7296255166.5982,1858202544.2483,12.937592424639,3840058249.6846,0.011849247026049,216.88361230263,0.0273645
27.1,1619104179.7178,7317442246.1827,1874496560.9837,12.937592424639,3840058249.6846,0.011849247026049,216.11919300812,0.027467205
27.2,1623953715.2747,7338553372.6069,1890758000.2772,12.937592424639,3840058249.6846,0.011849247026049,215.35903294326,0.02756992
27.3,1628760243.5791,7359588970.7304,1906986919.0444,12.937592424639,3840058249.6846,0.011849247026049,214.60309726747,0.027672645
27.4,1633524128.5316,7380549461.9398,1923183374.7678,12.937592424639,3840058249.6846,0.011849247026049,213.8513515143,0.02777538
27.5,1638245730.04,7401435264.1859,1939347425.4865,12.937592424639,3840058249.6846,0.011849247026049,213.10376158572,0.027878125
27.6,1642925404.0835,7422246792.0206,1955479129.7692,12.937592424639,3840058249.6846,0.011849247026049,212.3602937485,0.02798088
27.7,1647563502.7637,7442984456.6329,1971578546.7024,12.937592424639,3840058249.6846,0.011849247026049,211.62091462874,0.028083645
27.8,1652160374.3507,7463648665.8852,1987645735.8734,12.937592424639,3840058249.6846,0.011849247026049,210.8855912074,0.02818642
27.9,1656716363.3521,7484239824.3481,2003680757.3417,12.937592424639,3840058249.6846,0.011849247026049,210.15429081714,0.028289205
28,1661231810.5426,7504758333.3359,2019683671.6428,12.937592424639,3840058249.6846,0.011849247026049,209.42698113533,0.028392
28.1,1665707053.039,7525204590.9405,2035654539.7499,12.937592424639,3840058249.6846,0.011849247026049,208.70363018247,0.028494805
28.2,1670142424.3293,7545578992.0661,2051593423.073,12.937592424639,3840058249.6846,0.011849247026049,207.984206316,0.02859762
28.3,1674538254.3379,7565881928.4621,2067500383.4377,12.937592424639,3840058249.6846,0.011849247026049,207.26867822671,0.028700445
28.4,1678894869.4641,7586113788.7572,2083375483.0694,12.937592424639,3840058249.6846,0.011849247026049,206.55701493466,0.02880328
28.5,1683212592.6327,7606274958.4912,2099218784.5763,12.937592424639,3840058249.6846,0.011849247026049,205.84918578531,0.028906125
28.6,1687491751.2604,7626365820.1952,2115030343.0286,12.937592424639,3840058249.6846,0.011849247026049,205.14516140655,0.02900898
28.7,1691732645.4493,7646386753.3276,2130810237.7767,12.937592424639,3840058249.6846,0.011849247026049,204.44490982934,0.029111845
28.8,1695935596.079,7666338134.3075,2146558524.4091,12.937592424639,3840058249.6846,0.011849247026049,203.7484023395,0.02921472
28.9,1700100912.6374,7686220336.641,2162275266.9365,12.937592424639,3840058249.6846,0.011849247026049,203.05560954219,0.029317605
29,1704228901.3652,7706033730.9034,2177960529.6921,12.937592424639,3840058249.6846,0.011849247026049,202.36650234706,0.0294205
29.1,1708319865.3081,7725778684.7702,2193614377.3048,12.937592424639,3840058249.6846,0.011849247026049,201.68105196609,0.029523405
29.2,1712374104.3362,7745455563.0465,2209236874.7046,12.937592424639,3840058249.6846,0.011849247026049,200.99922990773,0.02962632
29.3,1716391915.2068,7765064727.697,2224828087.0956,12.937592424639,3840058249.6846,0.011849247026049,200.32100797491,0.029729245
29.4,1720373591.6046,7784606537.8752,2240388079.9427,12.937592424639,3840058249.6846,0.011849247026049,199.64635826157,0.02983218
29.5,1724319424.1704,7804081349.9522,2255916918.974,12.937592424639,3840058249.6846,0.011849247026049,198.97525314736,0.029935125
29.6,1728229700.5504,7823489517.5455,2271414670.1595,12.937592424639,3840058249.6846,0.011849247026049,198.30766529535,0.03003808
29.7,1732104705.434,7842831391.5469,2286881399.6981,12.937592424639,3840058249.6846,0.011849247026049,197.64356764859,0.030141045
29.8,1735944720.5864,7862107320.1506,2302317174.0169,12.937592424639,3840058249.6846,0.011849247026049,196.98293342566,0.03024402
29.9,1739750024.8973,7881317648.8807,2317722059.7454,12.937592424639,3840058249.6846,0.011849247026049,196.32573611882,0.030347005
30,1743520894.4113,7900462720.6181,2333096123.716,12.937592424639,3840058249.6846,0.011849247026049,195.67194948956,0.03045
30.1,1747257602.3701,7919542875.6277,2348439432.9541,12.937592424639,3840058249.6846,0.011849247026049,195.02154756519,0.030553005
30.2,1750960419.2377,7938558451.5848,2363752054.6645,12.937592424639,3840058249.6846,0.011849247026049,194.374504636,0.03065602
30.3,1754629612.7476,7957509783.6011,2379034056.224,12.937592424639,3840058249.6846,0.011849247026049,193.7307952518,0.030759045
30.4,1758265447.94,7976397204.2508,2394285505.1631,12.937592424639,3840058249.6846,0.011849247026049,193.09039421975,0.03086208
30.5,1761868187.1813,7995221043.5959,2409506469.1761,12.937592424639,3840058249.6846,0.011849247026049,192.45327659903,0.030965125
30.6,1765438090.2169,8013981629.2117,2424697016.0894,12.937592424639,3840058249.6846,0.011849247026049,191.8194177003,0.03106818
30.7,1768975414.1907,8032679286.2116,2439857213.8693,12.937592424639,3840058249.6846,0.011849247026049,191.18879308089,0.031171245
30.8,1772480413.6834,8051314337.2719,2454987130.6101,12.937592424639,3840058249.6846,0.011849247026049,190.561378542,0.03127432
30.9,1775953340.7494,8069887102.6555,2470086834.5158,12.937592424639,3840058249.6846,0.011849247026049,189.937150127,0.031377405
31,1779394444.943,8088397900.2369,2485156393.9066,12.937592424639,3840058249.6846,0.011849247026049,189.31608411679,0.0314805
31.1,1782803973.3521,8106847045.5251,2500195877.2004,12.937592424639,3840058249.6846,0.011849247026049,188.69815702815,0.031583605
31.2,1786182170.627,8125234851.6876,2515205352.9097,12.937592424639,3840058249.6846,0.011849247026049,188.08334561034,0.03168672
31.3,1789529279.0171,8143561629.5731,2530184889.6337,12.937592424639,3840058249.6846,0.011849247026049,187.47162684232,0.031789845
31.4,1792845538.3947,8161827687.7349,2545134556.0492,12.937592424639,3840058249.6846,0.011849247026049,186.86297793023,0.03189298
31.5,1796131186.2906,8180033332.4532,2560054420.9058,12.937592424639,3840058249.6846,0.011849247026049,186.25737630436,0.031996125
31.6,1799386457.9167,8198178867.7573,2574944553.0169,12.937592424639,3840058249.6846,0.011849247026049,185.65479961666,0.03209928
31.7,1802611586.2015,8216264595.448,2589805021.2533,12.937592424639,3840058249.6846,0.011849247026049,185.05522573811,0.032202445
31.8,1805806801.8153,8234290815.1194,2604635894.5352,12.937592424639,3840058249.6846,0.011849247026049,184.45863275612,0.03230562
31.9,1808972333.197,8252257824.1801,2619437241.8306,12.937592424639,3840058249.6846,0.011849247026049,183.86499897158,0.032408805
32,1812108406.586,8270165917.8749,2634209132.1422,12.937592424639,3840058249.6846,0.011849247026049,183.27430289688,0.032512
32.1,1815215246.0439,8288015389.3054,2648951634.51,12.937592424639,3840058249.6846,0.011849247026049,182.68652325258,0.032615205
32.2,1818293073.487,8305806529.4515,2663664817.993,12.937592424639,3840058249.6846,0.011849247026049,182.10163896615,0.03271842
32.3,1821342108.7058,8323539627.1909,2678348751.6776,12.937592424639,3840058249.6846,0.011849247026049,181.51962916808,0.032821645
32.4,1824362569.4019,8341214969.3205,2693003504.6561,12.937592424639,3840058249.6846,0.011849247026049,180.94047319107,0.03292488
32.5,1827354671.2004,8358832840.5756,2707629146.0359,12.937592424639,3840058249.6846,0.011849247026049,180.36415056612,0.033028125
32.6,1830318627.6841,8376393523.6501,2722225744.9281,12.937592424639,3840058249.6846,0.011849247026049,179.79064102088,0.03313138
32.7,1833254650.4172,8393897299.2162,2736793370.4357,12.937592424639,3840058249.6846,0.011849247026049,179.21992447784,0.033234645
32.8,1836162948.9657,8411344445.9435,2751332091.6601,12.937592424639,3840058249.6846,0.011849247026049,178.65198105098,0.03333792
32.9,1839043730.9279,8428735240.5182,2765841977.6914,12.937592424639,3840058249.6846,0.011849247026049,178.08679104402,0.033441205
33,1841897201.9494,8446069957.6619,2780323097.6005,12.937592424639,3840058249.6846,0.011849247026049,177.52433494833,0.0335445
33.1,1844723565.757,8463348870.1506,2794775520.4348,12.937592424639,3840058249.6846,0.011849247026049,176.96459344088,0.033647805
33.2,1847523024.1744,8480572248.833,2809199315.2161,12.937592424639,3840058249.6846,0.011849247026049,176.40754738168,0.03375112
33.3,1850295777.1477,8497740362.6484,2823594550.9368,12.937592424639,3840058249.6846,0.011849247026049,175.85317781163,0.033854445
33.4,1853042022.765,8514853478.6454,2837961296.5539,12.937592424639,3840058249.6846,0.011849247026049,175.30146595058,0.03395778
33.5,1855761957.286,8531911861.9991,2852299620.9848,12.937592424639,3840058249.6846,0.011849247026049,174.75239319524,0.034061125
33.6,1858455775.153,8548915776.0292,2866609593.1016,12.937592424639,3840058249.6846,0.011849247026049,174.20594111722,0.03416448
33.7,1861123669.0224,8565865482.217,2880891281.7278,12.937592424639,3840058249.6846,0.011849247026049,173.66209146098,0.034267845
33.8,1863765829.777,8582761240.2229,2895144755.6393,12.937592424639,3840058249.6846,0.011849247026049,173.12082614139,0.03437122
33.9,1866382446.5555,8599603307.9034,2909370083.5531,12.937592424639,3840058249.6846,0.011849247026049,172.58212724241,0.034474605
34,1868973706.7669,8616391941.3277,2923567334.1261,12.937592424639,3840058249.6846,0.011849247026049,172.04597701489,0.034578
34.1,1871539796.1142,8633127394.7944,2937736575.9528,12.937592424639,3840058249.6846,0.011849247026049,171.51235787459,0.034681405
34.2,1874080898.6094,8649809920.8483,2951877877.5641,12.937592424639,3840058249.6846,0.011849247026049,170.98125240003,0.03478482
34.3,1876597196.6023,8666439770.296,2965991307.4143,12.937592424639,3840058249.6846,0.011849247026049,170.45264333151,0.034888245
34.4,1879088870.79,8683017192.2225,2980076933.8893,12.937592424639,3840058249.6846,0.011849247026049,169.92651356819,0.03499168
34.5,1881556100.2427,8699542434.0067,2994134825.2969,12.937592424639,3840058249.6846,0.011849247026049,169.40284616687,0.035095125
34.6,1883999062.4174,8716015741.3374,3008165049.8679,12.937592424639,3840058249.6846,0.011849247026049,168.88162433984,0.03519858
34.7,1886417933.1837,8732437358.2286,3022167675.7424,12.937592424639,3840058249.6846,0.011849247026049,168.362831454,0.035302045
34.8,1888812886.8363,8748807527.035,3036142770.9806,12.937592424639,3840058249.6846,0.011849247026049,167.84645102792,0.03540552
34.9,1891184096.1111,8765126488.4669,3050090403.5539,12.937592424639,3840058249.6846,0.011849247026049,167.33246673064,0.035509005
35,1893531732.2108,8781394481.6055,3064010641.3384,12.937592424639,3840058249.6846,0.011849247026049,166.82086238028,0.0356125
35.1,1895855964.819,8797611743.9175,3077903552.1185,12.937592424639,3840058249.6846,0.011849247026049,166.3116219418,0.035716005
35.2,1898156962.1122,8813778511.2699,3091769203.5809,12.937592424639,3840058249.6846,0.011849247026049,165.80472952567,0.03581952
35.3,1900434890.7834,8829895017.9445,3105607663.3127,12.937592424639,3840058249.6846,0.011849247026049,165.30016938611,0.035923045
35.4,1902689916.0613,8845961496.652,3119418998.7946,12.937592424639,3840058249.6846,0.011849247026049,164.79792591989,0.03602658
35.5,1904922201.7164,8861978178.5463,3133203277.4088,12.937592424639,3840058249.6846,0.011849247026049,164.29798366383,0.036130125
35.6,1907131910.087,8877945293.2388,3146960566.4259,12.937592424639,3840058249.6846,0.011849247026049,163.80032729417,0.03623368
35.7,1909319202.0901,8893863068.8117,3160690933.0101,12.937592424639,3840058249.6846,0.011849247026049,163.3049416243,0.036337245
35.8,1911484237.2436,8909731731.8321,3174394444.2092,12.937592424639,3840058249.6846,0.011849247026049,162.811811604,0.03644082
35.9,1913627173.6714,8925551507.3653,3188071166.962,12.937592424639,3840058249.6846,0.011849247026049,162.32092231702,0.036544405
36,1915748168.1297,8941322618.9886,3201721168.0874,12.937592424639,3840058249.6846,0.011849247026049,161.83225898038,0.036648
36.1,1917847376.0178,8957045288.8041,3215344514.2886,12.937592424639,3840058249.6846,0.011849247026049,161.34580694233,0.036751605
36.2,1919924951.3914,8972719737.4517,3228941272.1461,12.937592424639,3840058249.6846,0.011849247026049,160.86155168138,0.03685522
36.3,1921981046.9799,8988346184.1228,3242511508.1231,12.937592424639,3840058249.6846,0.011849247026049,160.37947880418,0.036958845
36.4,1924015814.1996,9003924846.5723,3256055288.5556,12.937592424639,3840058249.6846,0.011849247026049,159.89957404483,0.03706248
36.5,1926029403.1712,9019455941.1316,3269572679.6517,12.937592424639,3840058249.6846,0.011849247026049,159.42182326334,0.037166125
36.6,1928021962.73,9034939682.7212,3283063747.4965,12.937592424639,3840058249.6846,0.011849247026049,158.94621244376,0.03726978
36.7,1929993640.4425,9050376284.8632,3296528558.0424,12.937592424639,3840058249.6846,0.011849247026049,158.47272769338,0.037373445
36.8,1931944582.6195,9065765959.6929,3309967177.115,12.937592424639,3840058249.6846,0.011849247026049,158.00135524089,0.03747712
36.9,1933874934.3295,9081108917.9719,3323379670.4025,12.937592424639,3840058249.6846,0.011849247026049,157.53208143567,0.037580805
37,1935784839.4156,9096405369.0992,3336766103.4626,12.937592424639,3840058249.6846,0.011849247026049,157.06489274589,0.0376845
37.1,1937674440.5034,9111655521.1237,3350126541.7152,12.937592424639,3840058249.6846,0.011849247026049,156.5997757576,0.037788205
37.2,1939543879.0164,9126859580.7556,3363461050.4454,12.937592424639,3840058249.6846,0.011849247026049,156.13671717314,0.03789192
37.3,1941393295.1932,9142017753.378,3376769694.7982,12.937592424639,3840058249.6846,0.011849247026049,155.67570381021,0.037995645
37.4,1943222828.0893,9157130243.0586,3390052539.7835,12.937592424639,3840058249.6846,0.011849247026049,155.21672260006,0.03809938
37.5,1945032615.6035,9172197252.5608,3403309650.2623,12.937592424639,3840058249.6846,0.011849247026049,154.75976058733,0.038203125
37.6,1946822794.4825,9187218983.3552,3416541090.9594,12.937592424639,3840058249.6846,0.011849247026049,154.30480492764,0.03830688
37.7,1948593500.3333,9202195635.6302,3429746926.4548,12.937592424639,3840058249.6846,0.011849247026049,153.85184288706,0.038410645
37.8,1950344867.6365,9217127408.3039,3442927221.1842,12.937592424639,3840058249.6846,0.011849247026049,153.40086184073,0.03851442
37.9,1952077029.7595,9232014499.0339,3456082039.4363,12.937592424639,3840058249.6846,0.011849247026049,152.95184927187,0.038618205
38,1953790118.9668,9246857104.229,3469211445.3547,12.937592424639,3840058249.6846,0.011849247026049,152.50479277033,0.038722
38.1,1955484266.4304,9261655419.0591,3482315502.9348,12.937592424639,3840058249.6846,0.011849247026049,152.05968003167,0.038825805
38.2,1957159602.247,9276409637.4662,3495394276.0212,12.937592424639,3840058249.6846,0.011849247026049,151.61649885611,0.03892962
38.3,1958816255.4426,9291119952.1747,3508447828.3105,12.937592424639,3840058249.6846,0.011849247026049,151.17523714719,0.039033445
38.4,1960454353.987,9305786554.7016,3521476223.3503,12.937592424639,3840058249.6846,0.011849247026049,150.73588291058,0.03913728
38.5,1962074024.8054,9320409635.3669,3534479524.5321,12.937592424639,3840058249.6846,0.011849247026049,150.29842425358,0.039241125
38.6,1963675393.7869,9334989383.3034,3547457795.099,12.937592424639,3840058249.6846,0.011849247026049,149.86284938334,0.03934498
38.7,1965258585.7982,9349525986.467,3560411098.1399,12.937592424639,3840058249.6846,0.011849247026049,149.42914660616,0.039448845
38.8,1966823724.6917,9364019631.6463,3573339496.5875,12.937592424639,3840058249.6846,0.011849247026049,148.9973043266,0.03955272
38.9,1968370933.319,9378470504.4725,3586243053.2221,12.937592424639,3840058249.6846,0.011849247026049,148.56731104607,0.039656605
39,1969900333.5391,9392878789.4292,3599121830.6668,12.937592424639,3840058249.6846,0.011849247026049,148.13915536208,0.0397605
39.1,1971412046.225,9407244669.8618,3611975891.3917,12.937592424639,3840058249.6846,0.011849247026049,147.71282596696,0.039864405
39.2,1972906191.2846,9421568327.9868,3624805297.7051,12.937592424639,3840058249.6846,0.011849247026049,147.28831164739,0.03996832
39.3,1974382887.6597,9435849944.9017,3637610111.7615,12.937592424639,3840058249.6846,0.011849247026049,146.86560128286,0.040072245
39.4,1975842253.3415,9450089700.5938,3650390395.5553,12.937592424639,3840058249.6846,0.011849247026049,146.44468384501,0.04017618
39.5,1977284405.379,9464287773.9495,3663146210.9221,12.937592424639,3840058249.6846,0.011849247026049,146.02554839664,0.040280125
39.6,1978709459.8877,9478444342.7634,3675877619.5418,12.937592424639,3840058249.6846,0.011849247026049,145.60818409046,0.04038408
39.7,1980117532.0614,9492559583.7475,3688584682.9297,12.937592424639,3840058249.6846,0.011849247026049,145.19258016875,0.040488045
39.8,1981508736.1788,9506633672.5395,3701267462.4449,12.937592424639,3840058249.6846,0.011849247026049,144.77872596182,0.04059202
39.9,1982883185.6158,9520666783.7125,3713926019.2818,12.937592424639,3840058249.6846,0.011849247026049,144.36661088769,0.040696005
40,1984240992.8521,9534659090.7827,3726560414.4767,12.937592424639,3840058249.6846,0.011849247026049,143.95622445062,0.0408
40.1,1985582269.4822,9548610766.219,3739170708.9038,12.937592424639,3840058249.6846,0.011849247026049,143.54755624057,0.040904005
40.2,1986907126.2204,9562521981.4507,3751756963.2747,12.937592424639,3840058249.6846,0.011849247026049,143.14059593224,0.04100802
40.3,1988215672.9154,9576392906.8766,3764319238.1392,12.937592424639,3840058249.6846,0.011849247026049,142.73533328419,0.041112045
40.4,1989508018.5563,9590223711.8727,3776857593.8846,12.937592424639,3840058249.6846,0.011849247026049,142.33175813799,0.04121608
40.5,1990784271.2795,9604014564.8013,3789372090.7348,12.937592424639,3840058249.6846,0.011849247026049,141.92986041739,0.041320125
40.6,1992044538.3792,9617765633.0183,3801862788.7503,12.937592424639,3840058249.6846,0.011849247026049,141.52963012747,0.04142418
40.7,1993288926.3148,9631477082.8822,3814329747.8279,12.937592424639,3840058249.6846,0.011849247026049,141.13105735386,0.041528245
40.8,1994517540.7203,9645149079.7613,3826773027.7032,12.937592424639,3840058249.6846,0.011849247026049,140.73413226168,0.04163232
40.9,1995730486.4121,9658781788.0421,3839192687.9434,12.937592424639,3840058249.6846,0.011849247026049,140.33884509522,0.041736405
41,1996927867.3961,9672375371.1372,3851588787.9542,12.937592424639,3840058249.6846,0.011849247026049,139.94518617669,0.0418405
41.1,1998109786.8764,9685929991.4929,3863961386.9774,12.937592424639,3840058249.6846,0.011849247026049,139.55314590557,0.041944605
41.2,1999276347.2646,9699445810.5969,3876310544.0883,12.937592424639,3840058249.6846,0.011849247026049,139.16271475797,0.04204872
41.3,2000427650.1832,9712922988.9861,3888636318.1991,12.937592424639,3840058249.6846,0.011849247026049,138.77388328563,0.042152845
41.4,2001563796.4793,9726361686.254,3900938768.0561,12.937592424639,3840058249.6846,0.011849247026049,138.3866421154,0.04225698
41.5,2002684886.2269,9739762061.0582,3913217952.2414,12.937592424639,3840058249.6846,0.011849247026049,138.00098194828,0.042361125
41.6,2003791018.7386,9753124271.1279,3925473929.1708,12.937592424639,3840058249.6846,0.011849247026049,137.61689355887,0.04246528
41.7,2004882292.5696,9766448473.2712,3937706757.097,12.937592424639,3840058249.6846,0.011849247026049,137.23436779438,0.042569445
41.8,2005958805.5259,9779734823.3821,3949916494.1055,12.937592424639,3840058249.6846,0.011849247026049,136.85339557422,0.04267362
41.9,2007020654.6751,9792983476.4481,3962103198.116,12.937592424639,3840058249.6846,0.011849247026049,136.47396788916,0.042777805
42,2008067936.347,9806194586.5571,3974266926.8849,12.937592424639,3840058249.6846,0.011849247026049,136.09607580044,0.042882
42.1,2009100746.1451,9819368306.9043,3986407738.0036,12.937592424639,3840058249.6846,0.011849247026049,135.71971043923,0.042986205
42.2,2010119178.956,9832504789.7994,3998525688.8938,12.937592424639,3840058249.6846,0.011849247026049,135.34486300619,0.04309042
42.3,2011123328.9488,9845604186.6734,4010620836.8177,12.937592424639,3840058249.6846,0.011849247026049,134.97152477019,0.043194645
42.4,2012113289.5874,9858666648.0857,4022693238.8683,12.937592424639,3840058249.6846,0.011849247026049,134.59968706819,0.04329888
42.5,2013089153.6366,9871692323.7302,4034742951.9739,12.937592424639,3840058249.6846,0.011849247026049,134.22934130436,0.043403125
42.6,2014051013.168,9884681362.4428,4046770032.8982,12.937592424639,3840058249.6846,0.011849247026049,133.86047894934,0.04350738
42.7,2014998959.566,9897633912.2075,4058774538.2393,12.937592424639,3840058249.6846,0.011849247026049,133.49309153975,0.043611645
42.8,2015933083.5354,9910550120.1632,4070756524.431,12.937592424639,3840058249.6846,0.011849247026049,133.12717067738,0.04371592
42.9,2016853475.1085,9923430132.61,4082716047.7407,12.937592424639,3840058249.6846,0.011849247026049,132.76270802876,0.043820205
43,2017760223.647,9936274095.016,4094653164.2727,12.937592424639,3840058249.6846,0.011849247026049,132.39969532429,0.0439245
43.1,2018653417.8552,9949082152.0233,4106567929.9645,12.937592424639,3840058249.6846,0.011849247026049,132.03812435787,0.044028805
43.2,2019533145.7822,9961854447.4547,4118460400.5887,12.937592424639,3840058249.6846,0.011849247026049,131.67798698618,0.04413312
43.3,2020399494.8253,9974591124.3195,4130330631.756,12.937592424639,3840058249.6846,0.011849247026049,131.31927512788,0.044237445
43.4,2021252551.7412,9987292324.8202,4142178678.9114,12.937592424639,3840058249.6846,0.011849247026049,130.96198076329,0.04434178
43.5,2022092402.6534,9999958190.3581,4154004597.3325,12.937592424639,3840058249.6846,0.011849247026049,130.60609593386,0.044446125
43.6,2022919133.0483,10012588861.54,4165808442.1381,12.937592424639,3840058249.6846,0.011849247026049,130.25161274112,0.04455048
43.7,2023732827.7913,10025184478.184,4177590268.28,12.937592424639,3840058249.6846,0.011849247026049,129.89852334656,0.044654845
43.8,2024533571.1289,10037745179.324,4189350130.5466,12.937592424639,3840058249.6846,0.011849247026049,129.54681997089,0.04475922
43.9,2025321446.6922,10050271103.219,4201088083.5629,12.937592424639,3840058249.6846,0.011849247026049,129.19649489348,0.044863605
44,2026096537.5049,10062762387.356,4212804181.7905,12.937592424639,3840058249.6846,0.011849247026049,128.84754045178,0.044968
44.1,2026858925.991,10075219168.456,4224498479.528,12.937592424639,3840058249.6846,0.011849247026049,128.4999490408,0.045072405
44.2,2027608693.9753,10087641582.482,4236171030.9104,12.937592424639,3840058249.6846,0.011849247026049,128.15371311258,0.04517682
44.3,2028345922.6923,10100029764.641,4247821889.9117,12.937592424639,3840058249.6846,0.011849247026049,127.80882517554,0.045281245
44.4,2029070692.7913,10112383849.394,4259451110.341,12.937592424639,3840058249.6846,0.011849247026049,127.46527779414,0.04538568
44.5,2029783084.3398,10124703970.458,4271058745.8479,12.937592424639,3840058249.6846,0.011849247026049,127.12306358812,0.045490125
44.6,2030483176.8312,10136990260.814,4282644849.9177,12.937592424639,3840058249.6846,0.011849247026049,126.78217523219,0.04559458
44.7,2031171049.1882,10149242852.709,4294209475.8757,12.937592424639,3840058249.6846,0.011849247026049,126.44260545534,0.045699045
44.8,2031846779.7698,10161461877.666,4305752676.8846,12.937592424639,3840058249.6846,0.011849247026049,126.10434704047,0.04580352
44.9,2032510446.3742,10173647466.487,4317274505.9467,12.937592424639,3840058249.6846,0.011849247026049,125.76739282381,0.045908005
45,2033162126.2457,10185799749.257,4328775015.9024,12.937592424639,3840058249.6846,0.011849247026049,125.43173569444,0.0460125
45.1,2033801896.078,10197918855.352,4340254259.4331,12.937592424639,3840058249.6846,0.011849247026049,125.09736859373,0.046117005
45.2,2034429832.0202,10210004913.443,4351712289.0593,12.937592424639,3840058249.6846,0.011849247026049,124.76428451497,0.04622152
45.3,2035046009.6831,10222058051.5,4363149157.1402,12.937592424639,3840058249.6846,0.011849247026049,124.43247650285,0.046326045
45.4,2035650504.1399,10234078396.799,4374564915.8773,12.937592424639,3840058249.6846,0.011849247026049,124.10193765288,0.04643058
45.5,2036243389.9364,10246066075.927,4385959617.3105,12.937592424639,3840058249.6846,0.011849247026049,123.77266111115,0.046535125
45.6,2036824741.0897,10258021214.784,4397333313.3239,12.937592424639,3840058249.6846,0.011849247026049,123.44464007347,0.04663968
45.7,2037394631.0982,10269943938.593,4408686055.6401,12.937592424639,3840058249.6846,0.011849247026049,123.11786778537,0.046744245
45.8,2037953132.9423,10281834371.902,4420017895.8245,12.937592424639,3840058249.6846,0.011849247026049,122.79233754131,0.04684882
45.9,2038500319.0924,10293692638.587,4431328885.2844,12.937592424639,3840058249.6846,0.011849247026049,122.46804268437,0.046953405
46,2039036261.5102,10305518861.86,4442619075.2686,12.937592424639,3840058249.6846,0.011849247026049,122.14497660582,0.047058
46.1,2039561031.6557,10317313164.275,4453888516.8694,12.937592424639,3840058249.6846,0.011849247026049,121.82313274459,0.047162605
46.2,2040074700.4889,10329075667.727,4465137261.0224,12.937592424639,3840058249.6846,0.011849247026049,121.50250458684,0.04726722
46.3,2040577338.4775,10340806493.463,4476365358.5048,12.937592424639,3840058249.6846,0.011849247026049,121.18308566569,0.047371845
46.4,2041069015.5988,10352505762.083,4487572859.9386,12.937592424639,3840058249.6846,0.011849247026049,120.8648695606,0.04747648
46.5,2041549801.3438,10364173593.545,4498759815.7913,12.937592424639,3840058249.6846,0.011849247026049,120.54784989692,0.047581125
46.6,2042019764.7236,10375810107.172,4509926276.3723,12.937592424639,3840058249.6846,0.011849247026049,120.23202034574,0.04768578
46.7,2042478974.272,10387415421.652,4521072291.8368,12.937592424639,3840058249.6846,0.011849247026049,119.91737462323,0.047790445
46.8,2042927498.0479,10398989655.047,4532197912.1868,12.937592424639,3840058249.6846,0.011849247026049,119.60390649021,0.04789512
46.9,2043365403.6445,10410532924.797,4543303187.2674,12.937592424639,3840058249.6846,0.011849247026049,119.29160975201,0.047999805
47,2043792758.1877,10422045347.72,4554388166.7713,12.937592424639,3840058249.6846,0.011849247026049,118.98047825777,0.0481045
47.1,2044209628.3424,10433527040.022,4565452900.2372,12.937592424639,3840058249.6846,0.011849247026049,118.67050590024,0.048209205
47.2,2044616080.3197,10444978117.297,4576497437.0491,12.937592424639,3840058249.6846,0.011849247026049,118.36168661538,0.04831392
47.3,2045012179.8742,10456398694.534,4587521826.4408,12.937592424639,3840058249.6846,0.011849247026049,118.05401438177,0.048418645
47.4,2045397992.3132,10467788886.122,4598526117.491,12.937592424639,3840058249.6846,0.011849247026049,117.74748322053,0.04852338
47.5,2045773582.4986,10479148805.85,4609510359.1278,12.937592424639,3840058249.6846,0.011849247026049,117.44208719468,0.048628125
47.6,2046139014.8506,10490478566.915,4620474600.1274,12.937592424639,3840058249.6846,0.011849247026049,117.13782040893,0.04873288
47.7,2046494353.3515,10501778281.926,4631418889.1144,12.937592424639,3840058249.6846,0.011849247026049,116.83467700923,0.048837645
47.8,2046839661.5496,10513048062.905,4642343274.5633,12.937592424639,3840058249.6846,0.011849247026049,116.53265118238,0.04894242
47.9,2047175002.5629,10524288021.294,4653247804.7974,12.937592424639,3840058249.6846,0.011849247026049,116.2317371558,0.049047205
48,2047500439.0828,10535498267.96,4664132527.9906,12.937592424639,3840058249.6846,0.011849247026049,115.93192919699,0.049152
48.1,2047816033.3776,10546678913.195,4674997492.1668,12.937592424639,3840058249.6846,0.011849247026049,115.63322161333,0.049256805
48.2,2048121847.2961,10557830066.722,4685842745.2001,12.937592424639,3840058249.6846,0.011849247026049,115.33560875168,0.04936162
48.3,2048417942.27,10568951837.702,4696668334.8165,12.937592424639,3840058249.6846,0.011849247026049,115.03908499798,0.049466445
48.4,2048704379.3203,10580044334.733,4707474308.5949,12.937592424639,3840058249.6846,0.011849247026049,114.74364477688,0.04957128
48.5,2048981219.0576,10591107665.855,4718260713.9634,12.937592424639,3840058249.6846,0.011849247026049,114.44928255164,0.049676125
48.6,2049248521.6863,10602141938.557,4729027598.2056,12.937592424639,3840058249.6846,0.011849247026049,114.15599282341,0.04978098
48.7,2049506347.0097,10613147259.777,4739775008.456,12.937592424639,3840058249.6846,0.011849247026049,113.86377013126,0.049885845
48.8,2049754754.4317,10624123735.908,4750502991.7023,12.937592424639,3840058249.6846,0.011849247026049,113.57260905168,0.04999072
48.9,2049993802.9597,10635071472.801,4761211594.7883,12.937592424639,3840058249.6846,0.011849247026049,113.28250419814,0.050095605
49,2050223551.2095,10645990575.769,4771900864.4101,12.937592424639,3840058249.6846,0.011849247026049,112.99345022101,0.0502005
49.1,2050444057.4067,10656881149.59,4782570847.1187,12.937592424639,3840058249.6846,0.011849247026049,112.70544180712,0.050305405
49.2,2050655379.3931,10667743298.511,4793221589.32,12.937592424639,3840058249.6846,0.011849247026049,112.41847367944,0.05041032
49.3,2050857574.625,10678577126.251,4803853137.2765,12.937592424639,3840058249.6846,0.011849247026049,112.13254059674,0.050515245
49.4,2051050700.1804,10689382736.009,4814465537.1062,12.937592424639,3840058249.6846,0.011849247026049,111.84763735333,0.05062018
49.5,2051234812.7602,10700160230.458,4825058834.7831,12.937592424639,3840058249.6846,0.011849247026049,111.56375877877,0.050725125
49.6,2051409968.693,10710909711.76,4835633076.1382,12.937592424639,3840058249.6846,0.011849247026049,111.28089973753,0.05083008
49.7,2051576223.9343,10721631281.559,4846188306.8606,12.937592424639,3840058249.6846,0.011849247026049,110.99905512866,0.050935045
49.8,2051733634.0749,10732325040.993,4856724572.496,12.937592424639,3840058249.6846,0.011849247026049,110.71821988559,0.05104002
49.9,2051882254.3399,10742991090.692,4867241918.4491,12.937592424639,3840058249.6846,0.011849247026049,110.43838897573,0.051145005
50,2052022139.5927,10753629530.782,4877740389.9827,12.937592424639,3840058249.6846,0.011849247026049,110.15955740027,0.05125
